{"cameraMode":{"drawMode":0,"name":"Shaded","section":"Shading Mode"},"sceneLighting":false,"audioPlay":false,"sceneViewState":{"showFog":true,"showMaterialUpdate":false,"showSkybox":false,"showFlares":true,"showImageEffects":true,"showParticleSystems":true},"in2DMode":false,"pivot":{"x":44.01862716674805,"y":2.043743133544922,"z":26.64518928527832},"rotation":{"x":0.33348754048347475,"y":-0.5576997995376587,"z":0.2582085132598877,"w":0.7151437401771545},"size":1.7320369482040406,"orthographic":false}