{"cameraMode":{"drawMode":0,"name":"Shaded","section":"Shading Mode"},"sceneLighting":false,"audioPlay":false,"sceneViewState":{"showFog":true,"showMaterialUpdate":false,"showSkybox":false,"showFlares":true,"showImageEffects":true,"showParticleSystems":true},"in2DMode":false,"pivot":{"x":44.15552520751953,"y":1.781220555305481,"z":27.600675582885743},"rotation":{"x":0.09475618600845337,"y":-0.7354357838630676,"z":0.10422725230455399,"w":0.6630271673202515},"size":1.1228152513504029,"orthographic":false}