{"cameraMode":{"drawMode":0,"name":"Shaded","section":"Shading Mode"},"sceneLighting":false,"audioPlay":false,"sceneViewState":{"showFog":true,"showMaterialUpdate":false,"showSkybox":false,"showFlares":true,"showImageEffects":true,"showParticleSystems":true},"in2DMode":false,"pivot":{"x":45.442928314208987,"y":1.9016118049621583,"z":25.7440242767334},"rotation":{"x":0.4050731360912323,"y":-0.5705294013023377,"z":0.3794708847999573,"w":0.6056073307991028},"size":1.4053314924240113,"orthographic":false}