{"cameraMode":{"drawMode":0,"name":"Shaded","section":"Shading Mode"},"sceneLighting":false,"audioPlay":false,"sceneViewState":{"showFog":true,"showMaterialUpdate":false,"showSkybox":false,"showFlares":true,"showImageEffects":true,"showParticleSystems":true},"in2DMode":false,"pivot":{"x":42.87200164794922,"y":1.0797021389007569,"z":29.07499885559082},"rotation":{"x":-0.016059838235378267,"y":-0.7331733107566834,"z":-0.017416439950466157,"w":0.6797139644622803},"size":0.584949254989624,"orthographic":true}