{"cameraMode":{"drawMode":0,"name":"Shaded","section":"Shading Mode"},"sceneLighting":false,"audioPlay":false,"sceneViewState":{"showFog":true,"showMaterialUpdate":false,"showSkybox":false,"showFlares":true,"showImageEffects":true,"showParticleSystems":true},"in2DMode":false,"pivot":{"x":43.79893493652344,"y":1.7516473531723023,"z":27.25707244873047},"rotation":{"x":0.12363205850124359,"y":-0.6284536719322205,"z":0.10178562253713608,"w":0.7613824009895325},"size":1.0870078802108765,"orthographic":false}